<?xml version="1.0" encoding="UTF-8"?>
<GenRun Id="impl_1" LaunchPart="xc7a35tcpg236-1" LaunchTime="1557297038">
  <File Type="PWROPT-DCP" Name="home2_top_pwropt.dcp"/>
  <File Type="ROUTE-PWR" Name="home2_top_power_routed.rpt"/>
  <File Type="PA-TCL" Name="home2_top.tcl"/>
  <File Type="ROUTE-PWR-SUM" Name="home2_top_power_summary_routed.pb"/>
  <File Type="REPORTS-TCL" Name="home2_top_reports.tcl"/>
  <File Type="BG-DRC" Name="home2_top.drc"/>
  <File Type="OPT-METHODOLOGY-DRC" Name="home2_top_methodology_drc_opted.rpt"/>
  <File Type="INIT-TIMING" Name="home2_top_timing_summary_init.rpt"/>
  <File Type="OPT-HWDEF" Name="home2_top.hwdef"/>
  <File Type="OPT-DCP" Name="home2_top_opt.dcp"/>
  <File Type="OPT-DRC" Name="home2_top_drc_opted.rpt"/>
  <File Type="OPT-TIMING" Name="home2_top_timing_summary_opted.rpt"/>
  <File Type="PWROPT-DRC" Name="home2_top_drc_pwropted.rpt"/>
  <File Type="PWROPT-TIMING" Name="home2_top_timing_summary_pwropted.rpt"/>
  <File Type="PLACE-DCP" Name="home2_top_placed.dcp"/>
  <File Type="PLACE-IO" Name="home2_top_io_placed.rpt"/>
  <File Type="PLACE-CLK" Name="home2_top_clock_utilization_placed.rpt"/>
  <File Type="PLACE-UTIL" Name="home2_top_utilization_placed.rpt"/>
  <File Type="PLACE-UTIL-PB" Name="home2_top_utilization_placed.pb"/>
  <File Type="PLACE-CTRL" Name="home2_top_control_sets_placed.rpt"/>
  <File Type="PLACE-SIMILARITY" Name="home2_top_incremental_reuse_placed.rpt"/>
  <File Type="PLACE-PRE-SIMILARITY" Name="home2_top_incremental_reuse_pre_placed.rpt"/>
  <File Type="PLACE-TIMING" Name="home2_top_timing_summary_placed.rpt"/>
  <File Type="POSTPLACE-PWROPT-DCP" Name="home2_top_postplace_pwropt.dcp"/>
  <File Type="POSTPLACE-PWROPT-TIMING" Name="home2_top_timing_summary_postplace_pwropted.rpt"/>
  <File Type="PHYSOPT-DCP" Name="home2_top_physopt.dcp"/>
  <File Type="PHYSOPT-DRC" Name="home2_top_drc_physopted.rpt"/>
  <File Type="BG-BIT" Name="home2_top.bit"/>
  <File Type="PHYSOPT-TIMING" Name="home2_top_timing_summary_physopted.rpt"/>
  <File Type="ROUTE-ERROR-DCP" Name="home2_top_routed_error.dcp"/>
  <File Type="ROUTE-DCP" Name="home2_top_routed.dcp"/>
  <File Type="ROUTE-BLACKBOX-DCP" Name="home2_top_routed_bb.dcp"/>
  <File Type="ROUTE-DRC" Name="home2_top_drc_routed.rpt"/>
  <File Type="ROUTE-DRC-PB" Name="home2_top_drc_routed.pb"/>
  <File Type="BITSTR-MSK" Name="home2_top.msk"/>
  <File Type="ROUTE-DRC-RPX" Name="home2_top_drc_routed.rpx"/>
  <File Type="BG-BGN" Name="home2_top.bgn"/>
  <File Type="ROUTE-METHODOLOGY-DRC" Name="home2_top_methodology_drc_routed.rpt"/>
  <File Type="BITSTR-RBT" Name="home2_top.rbt"/>
  <File Type="ROUTE-METHODOLOGY-DRC-RPX" Name="home2_top_methodology_drc_routed.rpx"/>
  <File Type="BG-BIN" Name="home2_top.bin"/>
  <File Type="ROUTE-METHODOLOGY-DRC-PB" Name="home2_top_methodology_drc_routed.pb"/>
  <File Type="ROUTE-PWR-RPX" Name="home2_top_power_routed.rpx"/>
  <File Type="ROUTE-STATUS" Name="home2_top_route_status.rpt"/>
  <File Type="ROUTE-STATUS-PB" Name="home2_top_route_status.pb"/>
  <File Type="ROUTE-TIMINGSUMMARY" Name="home2_top_timing_summary_routed.rpt"/>
  <File Type="ROUTE-TIMING-PB" Name="home2_top_timing_summary_routed.pb"/>
  <File Type="ROUTE-TIMING-RPX" Name="home2_top_timing_summary_routed.rpx"/>
  <File Type="ROUTE-SIMILARITY" Name="home2_top_incremental_reuse_routed.rpt"/>
  <File Type="RDI-RDI" Name="home2_top.vdi"/>
  <File Type="ROUTE-CLK" Name="home2_top_clock_utilization_routed.rpt"/>
  <File Type="POSTROUTE-PHYSOPT-DCP" Name="home2_top_postroute_physopt.dcp"/>
  <File Type="POSTROUTE-PHYSOPT-BLACKBOX-DCP" Name="home2_top_postroute_physopt_bb.dcp"/>
  <File Type="POSTROUTE-PHYSOPT-TIMING" Name="home2_top_timing_summary_postroute_physopted.rpt"/>
  <File Type="POSTROUTE-PHYSOPT-TIMING-PB" Name="home2_top_timing_summary_postroute_physopted.pb"/>
  <File Type="POSTROUTE-PHYSOPT-TIMING-RPX" Name="home2_top_timing_summary_postroute_physopted.rpx"/>
  <File Type="BITSTR-NKY" Name="home2_top.nky"/>
  <File Type="BITSTR-BMM" Name="home2_top_bd.bmm"/>
  <File Type="BITSTR-MMI" Name="home2_top.mmi"/>
  <File Type="BITSTR-LTX" Name="debug_nets.ltx"/>
  <File Type="BITSTR-LTX" Name="home2_top.ltx"/>
  <File Type="BITSTR-SYSDEF" Name="home2_top.sysdef"/>
  <File Type="WBT-USG" Name="usage_statistics_webtalk.html"/>
  <FileSet Name="sources" Type="DesignSrcs" RelSrcDir="$PSRCDIR/sources_1">
    <Filter Type="Srcs"/>
    <File Path="$PSRCDIR/sources_1/new/rgb2bw.vhd">
      <FileInfo>
        <Attr Name="UsedIn" Val="synthesis"/>
        <Attr Name="UsedIn" Val="simulation"/>
      </FileInfo>
    </File>
    <File Path="$PSRCDIR/sources_1/new/home2_top.vhd">
      <FileInfo>
        <Attr Name="UsedIn" Val="synthesis"/>
        <Attr Name="UsedIn" Val="simulation"/>
      </FileInfo>
    </File>
    <Config>
      <Option Name="DesignMode" Val="RTL"/>
      <Option Name="TopModule" Val="home2_top"/>
      <Option Name="TopAutoSet" Val="TRUE"/>
    </Config>
  </FileSet>
  <FileSet Name="constrs_in" Type="Constrs" RelSrcDir="$PSRCDIR/constrs_1">
    <Filter Type="Constrs"/>
    <File Path="$PSRCDIR/constrs_1/new/constraints.xdc">
      <FileInfo>
        <Attr Name="UsedIn" Val="synthesis"/>
        <Attr Name="UsedIn" Val="implementation"/>
      </FileInfo>
    </File>
    <Config>
      <Option Name="TargetConstrsFile" Val="$PSRCDIR/constrs_1/new/constraints.xdc"/>
      <Option Name="ConstrsType" Val="XDC"/>
    </Config>
  </FileSet>
  <Strategy Version="1" Minor="2">
    <StratHandle Name="Vivado Implementation Defaults" Flow="Vivado Implementation 2017"/>
    <Step Id="init_design"/>
    <Step Id="opt_design"/>
    <Step Id="power_opt_design"/>
    <Step Id="place_design"/>
    <Step Id="post_place_power_opt_design"/>
    <Step Id="phys_opt_design"/>
    <Step Id="route_design"/>
    <Step Id="post_route_phys_opt_design"/>
    <Step Id="write_bitstream"/>
  </Strategy>
  <BlockFileSet Type="BlockSrcs" Name="AXI4Stream_RS232_0"/>
</GenRun>
